{
	"type": "minecraft:chest",
	"pools": [
		{
			"rolls": 3,
			"bonus_rolls": 0,
			"entries": [
				{
					"type": "minecraft:item",
					"name": "minecraft:emerald"
				},
				{
					"type": "minecraft:item",
					"name": "minecraft:torch",
					"functions": [
						{
							"function": "minecraft:set_count",
							"count": {
								"min": 1,
								"max": 2
							}
						}
					]
				},
				{
					"type": "minecraft:item",
					"name": "minecraft:bread",
					"functions": [
						{
							"function": "minecraft:set_count",
							"count": {
								"min": 1,
								"max": 2
							}
						}
					]
				}
			]
		},
		{
			"rolls": 7,
			"entries": [
				{
					"type": "minecraft:item",
					"name": "minecraft:clay_ball",
					"functions": [
						{
							"function": "minecraft:set_count",
							"count": {
								"type": "minecraft:uniform",
								"min": 1,
								"max": 3
							},
							"add": false
						}
					]
				},
				{
					"type": "minecraft:item",
					"name": "minecraft:flower_pot"
				},
				{
					"type": "minecraft:item",
					"weight": 2,
					"name": "minecraft:stone"
				},
				{
					"type": "minecraft:item",
					"weight": 2,
					"name": "minecraft:stone_bricks"
				},
				{
					"type": "minecraft:item",
					"name": "minecraft:yellow_dye"
				},
				{
					"type": "minecraft:item",
					"name": "minecraft:smooth_stone"
				}
			]
		}
	],
	"random_sequence": "minecraft:chests/village/village_mason"
}
