{
	"type": "minecraft:chest",
	"pools": [
		{
			"rolls": 3,
			"bonus_rolls": 0,
			"entries": [
				{
					"type": "minecraft:item",
					"name": "minecraft:emerald"
				},
				{
					"type": "minecraft:item",
					"name": "minecraft:bread",
					"functions": [
						{
							"function": "minecraft:set_count",
							"count": {
								"min": 1,
								"max": 2
							}
						}
					]
				},
				{
					"type": "minecraft:item",
					"name": "minecraft:coal",
					"functions": [
						{
							"function": "minecraft:set_count",
							"count": {
								"min": 1,
								"max": 2
							}
						}
					]
				},
				{
					"type": "minecraft:item",
					"name": "minecraft:torch",
					"functions": [
						{
							"function": "minecraft:set_count",
							"count": {
								"min": 1,
								"max": 2
							}
						}
					]
				}
			]
		},
		{
			"rolls": 5,
			"entries": [
				{
					"type": "minecraft:item",
					"name": "minecraft:spruce_sapling",
					"functions": [
						{
							"function": "minecraft:set_count",
							"count": {
								"min": 1,
								"max": 2
							}
						}
					]
				},
				{
					"type": "minecraft:item",
					"name": "minecraft:wheat_seeds"
				},
				{
					"type": "minecraft:item",
					"name": "minecraft:beetroot_seeds"
				},
				{
					"type": "minecraft:item",
					"name": "minecraft:spruce_sign"
				},
				{
					"type": "minecraft:item",
					"name": "minecraft:sweet_berries",
					"functions": [
						{
							"function": "minecraft:set_count",
							"count": {
								"min": 3,
								"max": 4
							}
						}
					]
				},
				{
					"type": "minecraft:item",
					"name": "minecraft:book",
					"functions": [
						{
							"function": "minecraft:set_count",
							"count": {
								"min": 1,
								"max": 2
							}
						}
					]
				},
				{
					"type": "minecraft:item",
					"name": "minecraft:spruce_log",
					"functions": [
						{
							"function": "minecraft:set_count",
							"count": {
								"min": 2,
								"max": 3
							}
						}
					]
				}
			]
		}
	],
	"random_sequence": "minecraft:chests/village/village_taiga_house"
}
