{
	"type": "minecraft:archaeology",
	"pools": [
		{
			"rolls": 1,
			"bonus_rolls": 0,
			"entries": [
				{
					"type": "minecraft:item",
					"name": "minecraft:angler_pottery_sherd"
				},
				{
					"type": "minecraft:item",
					"name": "minecraft:shelter_pottery_sherd"
				},
				{
					"type": "minecraft:item",
					"name": "minecraft:snort_pottery_sherd"
				},
				{
					"type": "minecraft:item",
					"weight": 2,
					"name": "minecraft:sniffer_egg"
				},
				{
					"type": "minecraft:item",
					"name": "minecraft:iron_axe",
					"functions": [
						{
							"function": "minecraft:set_count",
							"count": {
								"min": 0.1,
								"max": 0.33
							}
						}
					]
				},
				{
					"type": "minecraft:item",
					"weight": 2,
					"name": "minecraft:wooden_hoe",
					"functions": [
						{
							"function": "minecraft:set_count",
							"count": {
								"min": 0.3,
								"max": 0.6
							}
						}
					]
				},
				{
					"type": "minecraft:item",
					"weight": 2,
					"name": "minecraft:coal"
				},
				{
					"type": "minecraft:item",
					"weight": 2,
					"name": "minecraft:gold_nugget",
					"functions": [
						{
							"function": "minecraft:set_count",
							"count": {
								"min": 2,
								"max": 5
							}
						}
					]
				},
				{
					"type": "minecraft:item",
					"name": "minecraft:nautilus_shell"
				}
			]
		}
	],
	"random_sequence": "minecraft:archaeology/ocean_ruin_warm"
}
