{
  "parent": "minecraft:recipes/root",
  "criteria": {
    "has_dye": {
      "trigger": "minecraft:inventory_changed",
      "conditions": {
        "items": [
          {
            "tag": "logical_dye_mixing:dyes"
          }
        ]
      }
    },
    "has_the_recipe": {
      "trigger": "minecraft:recipe_unlocked",
      "conditions": {
        "recipe": "immersive_weathering:acacia_wood_from_bark"
      }
    }
  },
  "requirements": [
    [
      "has_dye",
      "has_the_recipe"
    ]
  ],
  "rewards": {
    "recipes": [
      "logical_dye_mixing:black_dye_from_cyan_magenta_yellow_dye",
      "logical_dye_mixing:brown_dye_from_orange_black_dye",
      "logical_dye_mixing:blue_dye_from_cyan_magenta_dye",
      "logical_dye_mixing:green_dye_from_blue_yellow_dye",
      "logical_dye_mixing:lime_dye_from_cyan_yellow_dye",
      "logical_dye_mixing:red_dye_from_magenta_yellow_dye"
    ]
  }
}
