{
  "type": "minecraft:fishing",
  "pools": [
    {
      "rolls": 1,
      "entries": [
        {
          "type": "minecraft:item",
          "name": "minecraft:brown_mushroom"
        },
        {
          "type": "minecraft:item",
          "name": "minecraft:red_mushroom"
        },
        {
          "type": "minecraft:item",
          "name": "minecraft:bowl"
        },
        {
          "type": "minecraft:item",
          "name": "minecraft:dark_oak_sapling"
        },
        {
          "type": "minecraft:item",
          "name": "minecraft:spruce_sapling"
        },
        {
          "type": "minecraft:item",
          "name": "minecraft:podzol"
        },
        {
          "type": "minecraft:item",
          "name": "minecraft:apple"
        },
        {
          "type": "minecraft:item",
          "name": "minecraft:spruce_sapling"
        },
        {
          "type": "minecraft:item",
          "name": "minecraft:dandelion"
        },
        {
          "type": "minecraft:item",
          "name": "minecraft:coarse_dirt"
        },
        {
          "type": "minecraft:item",
          "name": "minecraft:fern"
        },
        {
          "type": "minecraft:item",
          "name": "minecraft:mossy_cobblestone"
        },
        {
          "type": "minecraft:item",
          "name": "minecraft:gravel"
        }
      ]
    }
  ]
}
