{
  "type": "minecraft:fishing",
  "pools": [
    {
      "rolls": 1,
      "entries": [
        {
          "type": "minecraft:item",
          "name": "minecraft:sculk_vein"
        },
        {
          "type": "minecraft:item",
          "name": "minecraft:sculk"
        },
        {
          "type": "minecraft:item",
          "name": "minecraft:sculk_sensor"
        },
        {
          "type": "minecraft:item",
          "name": "minecraft:white_wool"
        },
        {
          "type": "minecraft:item",
          "name": "minecraft:dark_oak_log"
        },
        {
          "type": "minecraft:item",
          "name": "minecraft:gunpowder"
        },
        {
          "type": "minecraft:item",
          "name": "minecraft:arrow"
        },
        {
          "type": "minecraft:item",
          "name": "minecraft:torch"
        },
        {
          "type": "minecraft:item",
          "name": "minecraft:cobblestone"
        },
        {
          "type": "minecraft:item",
          "name": "minecraft:glow_ink_sac"
        },
        {
          "type": "minecraft:item",
          "name": "minecraft:rotten_flesh"
        }
      ]
    }
  ]
}
