{
  "type": "minecraft:fishing",
  "pools": [
    {
      "rolls": 1,
      "entries": [
        {
          "type": "minecraft:item",
          "name": "minecraft:dragon_breath"
        },
        {
          "type": "minecraft:item",
          "name": "minecraft:end_rod"
        },
        {
          "type": "minecraft:item",
          "name": "minecraft:chorus_flower"
        },
        {
          "type": "minecraft:item",
          "name": "minecraft:chorus_fruit"
        },
        {
          "type": "minecraft:item",
          "name": "minecraft:ender_pearl"
        },
        {
          "type": "minecraft:item",
          "name": "minecraft:end_stone"
        },
        {
          "type": "minecraft:item",
          "name": "minecraft:shulker_shell"
        }
      ]
    }
  ]
}
