{
  "type": "minecraft:generic",
  "pools": [
    {
      "rolls": 1,
      "entries": [
        {
          "type": "minecraft:item",
          "name": "minecraft:flower_pot"
        },
        {
          "type": "minecraft:item",
          "name": "minecraft:poppy"
        },
        {
          "type": "minecraft:item",
          "name": "minecraft:dandelion"
        },
        {
          "type": "minecraft:item",
          "name": "minecraft:blue_orchid"
        },
        {
          "type": "minecraft:item",
          "name": "minecraft:cornflower"
        },
        {
          "type": "minecraft:item",
          "name": "minecraft:allium"
        },
        {
          "type": "minecraft:item",
          "name": "minecraft:azure_bluet"
        },
        {
          "type": "minecraft:item",
          "name": "minecraft:red_tulip"
        },
        {
          "type": "minecraft:item",
          "name": "minecraft:orange_tulip"
        },
        {
          "type": "minecraft:item",
          "name": "minecraft:white_tulip"
        },
        {
          "type": "minecraft:item",
          "name": "minecraft:pink_tulip"
        },
        {
          "type": "minecraft:item",
          "name": "minecraft:oxeye_daisy"
        },
        {
          "type": "minecraft:item",
          "name": "minecraft:lily_of_the_valley"
        },
        {
          "type": "minecraft:item",
          "name": "minecraft:wither_rose"
        },
        {
          "type": "minecraft:item",
          "name": "minecraft:sunflower"
        },
        {
          "type": "minecraft:item",
          "name": "minecraft:lilac"
        },
        {
          "type": "minecraft:item",
          "name": "minecraft:rose_bush"
        },
        {
          "type": "minecraft:item",
          "name": "minecraft:peony"
        },
        {
          "type": "minecraft:item",
          "name": "minecraft:honey_bottle"
        },
        {
          "type": "minecraft:item",
          "name": "minecraft:honeycomb",
          "functions": [
            {
              "function": "minecraft:set_count",
              "count": 2
            }
          ]
        }
      ]
    }
  ]
}
