{
  "type": "minecraft:generic",
  "pools": [
    {
      "rolls": 1,
      "entries": [
        {
          "type": "minecraft:item",
          "name": "minecraft:clay_ball",
          "functions": [
            {
              "function": "minecraft:set_count",
              "count": 2
            }
          ]
        },
        {
          "type": "minecraft:item",
          "name": "minecraft:clay"
        },
        {
          "type": "minecraft:item",
          "name": "minecraft:flowering_azalea"
        },
        {
          "type": "minecraft:item",
          "name": "minecraft:azalea"
        },
        {
          "type": "minecraft:item",
          "name": "minecraft:flower_pot"
        },
        {
          "type": "minecraft:item",
          "name": "minecraft:glow_berries"
        },
        {
          "type": "minecraft:item",
          "name": "minecraft:spore_blossom"
        },
        {
          "type": "minecraft:item",
          "name": "minecraft:small_dripleaf"
        },
        {
          "type": "minecraft:item",
          "name": "minecraft:moss_block"
        }
      ]
    }
  ]
}
