{
  "type": "minecraft:fishing",
  "pools": [
    {
      "rolls": 1,
      "entries": [
        {
          "type": "minecraft:item",
          "name": "minecraft:raw_iron"
        },
        {
          "type": "minecraft:item",
          "name": "minecraft:raw_gold"
        },
        {
          "type": "minecraft:item",
          "name": "minecraft:stone"
        },
        {
          "type": "minecraft:item",
          "name": "minecraft:granite"
        },
        {
          "type": "minecraft:item",
          "name": "minecraft:andesite"
        },
        {
          "type": "minecraft:item",
          "name": "minecraft:raw_copper"
        },
        {
          "type": "minecraft:item",
          "name": "minecraft:raw_copper_block"
        },
        {
          "type": "minecraft:item",
          "name": "minecraft:coal"
        },
        {
          "type": "minecraft:item",
          "name": "minecraft:emerald"
        },
        {
          "type": "minecraft:item",
          "name": "minecraft:bone"
        },
        {
          "type": "minecraft:item",
          "name": "minecraft:gravel"
        }
      ]
    }
  ]
}
