{
  "type": "minecraft:fishing",
  "pools": [
    {
      "rolls": 1,
      "entries": [
        {
          "type": "minecraft:item",
          "name": "minecraft:grass"
        },
        {
          "type": "minecraft:item",
          "name": "minecraft:wheat_seeds"
        },
        {
          "type": "minecraft:item",
          "name": "minecraft:carrot"
        },
        {
          "type": "minecraft:item",
          "name": "minecraft:potato"
        },
        {
          "type": "minecraft:item",
          "name": "minecraft:white_wool"
        },
        {
          "type": "minecraft:item",
          "name": "minecraft:oak_sapling"
        },
        {
          "type": "minecraft:item",
          "name": "minecraft:birch_sapling"
        },
        {
          "type": "minecraft:item",
          "name": "minecraft:apple"
        }
      ]
    }
  ]
}
