{
  "type": "minecraft:fishing",
  "pools": [
    {
      "rolls": 1,
      "entries": [
        {
          "type": "minecraft:item",
          "name": "minecraft:raw_copper"
        },
        {
          "type": "minecraft:item",
          "name": "minecraft:raw_iron"
        },
        {
          "type": "minecraft:item",
          "name": "minecraft:raw_gold"
        },
        {
          "type": "minecraft:item",
          "name": "minecraft:clay_ball"
        },
        {
          "type": "minecraft:item",
          "name": "minecraft:quartz"
        },
        {
          "type": "minecraft:item",
          "name": "minecraft:coal"
        },
        {
          "type": "minecraft:item",
          "name": "minecraft:pointed_dripstone"
        },
        {
          "type": "minecraft:item",
          "name": "minecraft:bone_meal"
        },
        {
          "type": "minecraft:item",
          "name": "minecraft:stick"
        },
        {
          "type": "minecraft:item",
          "name": "minecraft:torch"
        },
        {
          "type": "minecraft:item",
          "name": "minecraft:hanging_roots"
        }
      ]
    }
  ]
}
