{
  "type": "minecraft:fishing",
  "pools": [
    {
      "rolls": 1,
      "entries": [
        {
          "type": "minecraft:item",
          "name": "minecraft:snowball",
          "functions": [
            {
              "function": "minecraft:set_count",
              "count": 2
            }
          ]
        },
        {
          "type": "minecraft:item",
          "name": "minecraft:snow_block"
        },
        {
          "type": "minecraft:item",
          "name": "minecraft:powder_snow_bucket"
        },
        {
          "type": "minecraft:item",
          "name": "minecraft:ice"
        },
        {
          "type": "minecraft:item",
          "name": "minecraft:packed_ice"
        },
        {
          "type": "minecraft:item",
          "name": "minecraft:blue_ice"
        },
        {
          "type": "minecraft:item",
          "name": "minecraft:rabbit_foot"
        },
        {
          "type": "minecraft:item",
          "name": "minecraft:spruce_sapling"
        },
        {
          "type": "minecraft:item",
          "name": "minecraft:poppy"
        }
      ]
    }
  ]
}
