{
  "type": "minecraft:fishing",
  "pools": [
    {
      "rolls": 1,
      "entries": [
        {
          "type": "minecraft:item",
          "name": "minecraft:clay"
        },
        {
          "type": "minecraft:item",
          "name": "minecraft:mangrove_roots"
        },
        {
          "type": "minecraft:item",
          "name": "minecraft:muddy_mangrove_roots"
        },
        {
          "type": "minecraft:item",
          "name": "minecraft:mud"
        },
        {
          "type": "minecraft:item",
          "name": "minecraft:mangrove_propagule"
        },
        {
          "type": "minecraft:item",
          "name": "minecraft:lily_pad"
        },
        {
          "type": "minecraft:item",
          "name": "minecraft:slime_ball"
        }
      ]
    }
  ]
}
