{
	"type": "minecraft:chest",
	"pools": [
		{
			"rolls": {
				"type": "minecraft:uniform",
				"min": 3,
				"max": 4
			},
			"bonus_rolls": 0,
			"entries": [
				{
					"type": "minecraft:empty",
					"weight": 8
				},
				{
					"type": "minecraft:item",
					"weight": 4,
					"name": "minecraft:diamond",
					"functions": [
						{
							"function": "minecraft:set_count",
							"count": {
								"type": "minecraft:uniform",
								"min": 1,
								"max": 2
							},
							"add": false
						}
					]
				},
				{
					"type": "minecraft:item",
					"weight": 16,
					"name": "minecraft:gold_ingot",
					"functions": [
						{
							"function": "minecraft:set_count",
							"count": {
								"type": "minecraft:uniform",
								"min": 2,
								"max": 4
							},
							"add": false
						}
					]
				},
				{
					"type": "minecraft:item",
					"weight": 9,
					"name": "minecraft:golden_horse_armor"
				},
				{
					"type": "minecraft:item",
					"weight": 8,
					"name": "minecraft:book",
					"functions": [
						{
							"function": "minecraft:enchant_randomly"
						}
					]
				},
				{
					"type": "minecraft:item",
					"weight": 10,
					"name": "minecraft:golden_apple"
				},
				{
					"type": "minecraft:item",
					"quality": 1,
					"name": "minecraft:enchanted_golden_apple"
				},
				{
					"type": "minecraft:item",
					"weight": 9,
					"name": "minecraft:golden_chestplate",
					"functions": [
						{
							"function": "minecraft:enchant_randomly"
						}
					]
				},
				{
					"type": "minecraft:item",
					"weight": 9,
					"name": "minecraft:golden_shovel",
					"functions": [
						{
							"function": "minecraft:enchant_randomly"
						}
					]
				},
				{
					"type": "minecraft:item",
					"weight": 9,
					"name": "minecraft:golden_hoe",
					"functions": [
						{
							"function": "minecraft:enchant_randomly"
						}
					]
				}
			]
		},
		{
			"rolls": 2,
			"bonus_rolls": 0,
			"entries": [
				{
					"type": "minecraft:item",
					"weight": 2,
					"name": "minecraft:book"
				},
				{
					"type": "minecraft:item",
					"weight": 2,
					"name": "minecraft:paper",
					"functions": [
						{
							"function": "minecraft:set_count",
							"count": {
								"min": 1,
								"max": 2
							}
						}
					]
				},
				{
					"type": "minecraft:item",
					"name": "minecraft:spider_eye",
					"functions": [
						{
							"function": "minecraft:set_count",
							"count": {
								"min": 1,
								"max": 2
							}
						}
					]
				},
				{
					"type": "minecraft:item",
					"name": "minecraft:gunpowder",
					"functions": [
						{
							"function": "minecraft:set_count",
							"count": {
								"type": "minecraft:uniform",
								"min": 1,
								"max": 2
							},
							"add": false
						}
					]
				}
			]
		},
		{
			"rolls": 1,
			"bonus_rolls": 0,
			"entries": [
				{
					"type": "minecraft:empty",
					"weight": 2
				},
				{
					"type": "minecraft:item",
					"name": "minecraft:dune_armor_trim_smithing_template",
					"functions": [
						{
							"function": "minecraft:set_count",
							"count": {
								"min": 1,
								"max": 2
							},
							"add": false
						}
					]
				}
			]
		},
		{
			"rolls": 1,
			"entries": [
				{
					"type": "minecraft:item",
					"name": "minecraft:sand",
					"functions": [
						{
							"function": "minecraft:set_count",
							"count": {
								"min": 6,
								"max": 11
							}
						}
					]
				}
			]
		}
	],
	"random_sequence": "minecraft:chests/desert_pyramid"
}
