{
	"type": "minecraft:chest",
	"pools": [
		{
			"rolls": {
				"type": "minecraft:uniform",
				"min": 1,
				"max": 2
			},
			"bonus_rolls": 0,
			"entries": [
				{
					"type": "minecraft:item",
					"name": "minecraft:arrow",
					"functions": [
						{
							"function": "minecraft:set_count",
							"count": {
								"type": "minecraft:uniform",
								"min": 2,
								"max": 7
							},
							"add": false
						}
					]
				},
				{
					"type": "minecraft:item",
					"weight": 2,
					"name": "minecraft:tipped_arrow",
					"functions": [
						{
							"function": "minecraft:set_potion",
							"id": "minecraft:poison"
						},
						{
							"function": "minecraft:set_count",
							"count": {
								"min": 2,
								"max": 7
							}
						}
					]
				}
			]
		}
	],
	"random_sequence": "minecraft:chests/jungle_temple_dispenser"
}
