{
	"type": "minecraft:chest",
	"pools": [
		{
			"rolls": {
				"type": "minecraft:uniform",
				"min": 6,
				"max": 8
			},
			"bonus_rolls": 0,
			"entries": [
				{
					"type": "minecraft:item",
					"weight": 14,
					"name": "minecraft:book",
					"functions": [
						{
							"function": "minecraft:set_count",
							"count": {
								"type": "minecraft:uniform",
								"min": 1,
								"max": 2
							},
							"add": false
						}
					]
				},
				{
					"type": "minecraft:item",
					"weight": 12,
					"name": "minecraft:paper",
					"functions": [
						{
							"function": "minecraft:set_count",
							"count": {
								"type": "minecraft:uniform",
								"min": 1,
								"max": 3
							},
							"add": false
						}
					]
				},
				{
					"type": "minecraft:item",
					"weight": 5,
					"name": "minecraft:candle",
					"functions": [
						{
							"function": "minecraft:set_count",
							"count": {
								"type": "minecraft:uniform",
								"min": 0,
								"max": 2
							},
							"add": false
						}
					]
				},
				{
					"type": "minecraft:item",
					"weight": 4,
					"quality": 1,
					"name": "minecraft:book",
					"functions": [
						{
							"function": "minecraft:enchant_with_levels",
							"levels": {
								"min": 15,
								"max": 28
							},
							"treasure": true
						}
					]
				},
				{
					"type": "minecraft:item",
					"weight": 7,
					"name": "minecraft:feather",
					"functions": [
						{
							"function": "minecraft:set_count",
							"count": {
								"min": 0,
								"max": 2
							}
						}
					]
				},
				{
					"type": "minecraft:item",
					"weight": 5,
					"name": "minecraft:ink_sac",
					"functions": [
						{
							"function": "minecraft:set_count",
							"count": {
								"min": 0,
								"max": 2
							}
						}
					]
				}
			]
		},
		{
			"rolls": {
				"min": 0,
				"max": 1
			},
			"entries": [
				{
					"type": "minecraft:item",
					"weight": 4,
					"name": "minecraft:compass"
				},
				{
					"type": "minecraft:item",
					"weight": 4,
					"name": "minecraft:map"
				},
				{
					"type": "minecraft:item",
					"weight": 2,
					"name": "minecraft:clock"
				}
			]
		},
		{
			"rolls": 1,
			"entries": [
				{
					"type": "minecraft:item",
					"name": "minecraft:eye_armor_trim_smithing_template"
				}
			],
			"conditions": []
		}
	]
}
