{
	"type": "minecraft:chest",
	"pools": [
		{
			"rolls": {
				"type": "minecraft:uniform",
				"min": 4,
				"max": 6
			},
			"bonus_rolls": 0,
			"entries": [
				{
					"type": "minecraft:item",
					"weight": 8,
					"name": "minecraft:iron_ingot",
					"functions": [
						{
							"function": "minecraft:set_count",
							"count": {
								"type": "minecraft:uniform",
								"min": 1,
								"max": 3
							},
							"add": false
						}
					]
				},
				{
					"type": "minecraft:item",
					"weight": 4,
					"name": "minecraft:gold_ingot",
					"functions": [
						{
							"function": "minecraft:set_count",
							"count": {
								"type": "minecraft:uniform",
								"min": 1,
								"max": 2
							},
							"add": false
						}
					]
				},
				{
					"type": "minecraft:item",
					"weight": 5,
					"name": "minecraft:redstone",
					"functions": [
						{
							"function": "minecraft:set_count",
							"count": {
								"type": "minecraft:uniform",
								"min": 3,
								"max": 5
							},
							"add": false
						}
					]
				},
				{
					"type": "minecraft:item",
					"weight": 11,
					"name": "minecraft:bread",
					"functions": [
						{
							"function": "minecraft:set_count",
							"count": {
								"type": "minecraft:uniform",
								"min": 1,
								"max": 2
							},
							"add": false
						}
					]
				},
				{
					"type": "minecraft:item",
					"weight": 10,
					"name": "minecraft:apple",
					"functions": [
						{
							"function": "minecraft:set_count",
							"count": {
								"type": "minecraft:uniform",
								"min": 1,
								"max": 2
							},
							"add": false
						}
					]
				},
				{
					"type": "minecraft:item",
					"weight": 2,
					"name": "minecraft:iron_pickaxe"
				},
				{
					"type": "minecraft:item",
					"name": "minecraft:book",
					"functions": [
						{
							"function": "minecraft:enchant_with_levels",
							"levels": 30,
							"treasure": true
						}
					]
				},
				{
					"type": "minecraft:item",
					"weight": 2,
					"name": "minecraft:ender_pearl",
					"functions": [
						{
							"function": "minecraft:set_count",
							"count": {
								"min": 1,
								"max": 2
							}
						}
					]
				},
				{
					"type": "minecraft:item",
					"weight": 6,
					"name": "minecraft:golden_apple"
				},
				{
					"type": "minecraft:item",
					"weight": 3,
					"name": "minecraft:diamond_pickaxe",
					"functions": [
						{
							"function": "minecraft:set_damage",
							"damage": {
								"min": 0.2,
								"max": 0.45
							}
						}
					]
				},
				{
					"type": "minecraft:item",
					"name": "minecraft:iron_sword",
					"functions": [
						{
							"function": "minecraft:enchant_with_levels",
							"levels": {
								"min": 15,
								"max": 29
							},
							"treasure": true
						}
					]
				},
				{
					"type": "minecraft:item",
					"name": "minecraft:iron_chestplate",
					"functions": [
						{
							"function": "minecraft:enchant_with_levels",
							"levels": {
								"min": 15,
								"max": 29
							},
							"treasure": true
						}
					]
				},
				{
					"type": "minecraft:item",
					"name": "minecraft:iron_boots",
					"functions": [
						{
							"function": "minecraft:enchant_with_levels",
							"levels": {
								"min": 15,
								"max": 29
							},
							"treasure": true
						}
					]
				},
				{
					"type": "minecraft:item",
					"name": "minecraft:iron_leggings",
					"functions": [
						{
							"function": "minecraft:enchant_with_levels",
							"levels": {
								"min": 15,
								"max": 29
							},
							"treasure": true
						}
					]
				},
				{
					"type": "minecraft:item",
					"name": "minecraft:iron_helmet",
					"functions": [
						{
							"function": "minecraft:enchant_with_levels",
							"levels": {
								"min": 15,
								"max": 29
							},
							"treasure": true
						}
					]
				}
			]
		}
	],
	"random_sequence": "minecraft:chests/stronghold_crossing"
}
