{
	"type": "minecraft:chest",
	"pools": [
		{
			"rolls": 2,
			"bonus_rolls": 0,
			"entries": [
				{
					"type": "minecraft:item",
					"weight": 10,
					"name": "minecraft:iron_ingot",
					"functions": [
						{
							"function": "minecraft:set_count",
							"count": {
								"type": "minecraft:uniform",
								"min": 1,
								"max": 2
							},
							"add": false
						}
					]
				},
				{
					"type": "minecraft:item",
					"weight": 7,
					"name": "minecraft:gold_ingot",
					"functions": [
						{
							"function": "minecraft:set_count",
							"count": {
								"type": "minecraft:uniform",
								"min": 1,
								"max": 2
							},
							"add": false
						}
					]
				}
			]
		},
		{
			"rolls": {
				"min": 0,
				"max": 2
			},
			"entries": [
				{
					"type": "minecraft:item",
					"weight": 2,
					"name": "minecraft:iron_axe",
					"functions": [
						{
							"function": "minecraft:set_damage",
							"damage": {
								"min": 0.3,
								"max": 0.6
							},
							"add": false
						}
					]
				},
				{
					"type": "minecraft:item",
					"weight": 2,
					"name": "minecraft:iron_sword",
					"functions": [
						{
							"function": "minecraft:set_damage",
							"damage": {
								"min": 0.3,
								"max": 0.6
							},
							"add": false
						}
					]
				},
				{
					"type": "minecraft:item",
					"weight": 2,
					"name": "minecraft:iron_pickaxe",
					"functions": [
						{
							"function": "minecraft:set_damage",
							"damage": {
								"min": 0.3,
								"max": 0.6
							},
							"add": false
						}
					]
				},
				{
					"type": "minecraft:item",
					"weight": 3,
					"name": "minecraft:diamond_sword",
					"functions": [
						{
							"function": "minecraft:set_damage",
							"damage": {
								"min": 0.3,
								"max": 0.6
							},
							"add": false
						}
					]
				},
				{
					"type": "minecraft:item",
					"weight": 3,
					"quality": 1,
					"name": "minecraft:book",
					"functions": [
						{
							"function": "minecraft:enchant_with_levels",
							"levels": 30,
							"treasure": true
						}
					]
				}
			]
		},
		{
			"rolls": {
				"min": 0,
				"max": 1
			},
			"entries": [
				{
					"type": "minecraft:item",
					"name": "minecraft:saddle"
				},
				{
					"type": "minecraft:item",
					"name": "minecraft:iron_horse_armor"
				},
				{
					"type": "minecraft:item",
					"name": "minecraft:golden_horse_armor"
				},
				{
					"type": "minecraft:item",
					"name": "minecraft:diamond_horse_armor"
				},
				{
					"type": "minecraft:item",
					"name": "minecraft:leather_horse_armor"
				}
			]
		},
		{
			"rolls": 1,
			"entries": [
				{
					"type": "minecraft:item",
					"name": "minecraft:music_disc_otherside"
				}
			],
			"conditions": [
				{
					"condition": "minecraft:random_chance",
					"chance": 0.075
				}
			]
		},
		{
			"rolls": {
				"min": 0,
				"max": 1
			},
			"entries": [
				{
					"type": "minecraft:item",
					"quality": 2,
					"name": "minecraft:ender_eye"
				},
				{
					"type": "minecraft:item",
					"weight": 8,
					"name": "minecraft:ender_pearl"
				}
			]
		},
		{
			"rolls": {
				"min": 1,
				"max": 2
			},
			"bonus_rolls": {
				"min": 0,
				"max": 1
			},
			"entries": [
				{
					"type": "minecraft:item",
					"weight": 15,
					"name": "minecraft:bread",
					"functions": [
						{
							"function": "minecraft:set_count",
							"count": {
								"type": "minecraft:uniform",
								"min": 1,
								"max": 2
							},
							"add": false
						}
					]
				},
				{
					"type": "minecraft:item",
					"weight": 15,
					"name": "minecraft:apple",
					"functions": [
						{
							"function": "minecraft:set_count",
							"count": {
								"type": "minecraft:uniform",
								"min": 2,
								"max": 3
							},
							"add": false
						}
					]
				},
				{
					"type": "minecraft:item",
					"weight": 2,
					"quality": 1,
					"name": "minecraft:golden_apple"
				}
			]
		},
		{
			"rolls": 1,
			"entries": [
				{
					"type": "minecraft:item",
					"name": "minecraft:eye_armor_trim_smithing_template"
				}
			],
			"conditions": [
				{
					"condition": "minecraft:random_chance",
					"chance": 0.33
				}
			]
		}
	]
}
