{
	"type": "minecraft:chest",
	"pools": [
		{
			"rolls": {
				"type": "minecraft:uniform",
				"min": 2,
				"max": 5
			},
			"bonus_rolls": 0,
			"entries": [
				{
					"type": "minecraft:item",
					"weight": 10,
					"name": "minecraft:coal",
					"functions": [
						{
							"function": "minecraft:set_count",
							"count": {
								"type": "minecraft:uniform",
								"min": 1,
								"max": 4
							},
							"add": false
						}
					]
				},
				{
					"type": "minecraft:item",
					"weight": 2,
					"name": "minecraft:stone_axe"
				},
				{
					"type": "minecraft:item",
					"weight": 5,
					"name": "minecraft:rotten_flesh"
				},
				{
					"type": "minecraft:item",
					"name": "minecraft:emerald"
				},
				{
					"type": "minecraft:item",
					"weight": 10,
					"name": "minecraft:wheat",
					"functions": [
						{
							"function": "minecraft:set_count",
							"count": {
								"type": "minecraft:uniform",
								"min": 2,
								"max": 3
							},
							"add": false
						}
					]
				},
				{
					"type": "minecraft:item",
					"weight": 3,
					"name": "minecraft:nautilus_shell"
				}
			]
		},
		{
			"rolls": 1,
			"bonus_rolls": 0,
			"entries": [
				{
					"type": "minecraft:item",
					"name": "minecraft:leather_chestplate"
				},
				{
					"type": "minecraft:item",
					"name": "minecraft:golden_helmet",
					"functions": [
						{
							"function": "minecraft:enchant_randomly",
							"enchantments": [
								"minecraft:respiration"
							]
						}
					]
				},
				{
					"type": "minecraft:item",
					"weight": 5,
					"name": "minecraft:fishing_rod",
					"functions": [
						{
							"function": "minecraft:enchant_randomly"
						}
					]
				},
				{
					"type": "minecraft:item",
					"weight": 5,
					"name": "minecraft:map",
					"functions": [
						{
							"function": "minecraft:exploration_map",
							"decoration": "red_x",
							"zoom": 1,
							"skip_existing_chunks": false
						},
						{
							"function": "minecraft:set_name",
							"name": {
								"translate": "filled_map.buried_treasure"
							}
						}
					]
				}
			]
		},
		{
			"rolls": 4,
			"entries": [
				{
					"type": "minecraft:item",
					"name": "minecraft:seagrass",
					"functions": [
						{
							"function": "minecraft:set_count",
							"count": {
								"min": 1,
								"max": 2
							}
						}
					]
				},
				{
					"type": "minecraft:item",
					"name": "minecraft:kelp",
					"functions": [
						{
							"function": "minecraft:set_count",
							"count": {
								"min": 1,
								"max": 2
							}
						}
					]
				}
			]
		}
	],
	"random_sequence": "minecraft:chests/underwater_ruin_small"
}
