{
  "type": "minecraft:fishing",
  "pools": [
    {
      "bonus_rolls": 0.0,
      "entries": [
        {
          "type": "minecraft:loot_table",
          "conditions": [
            {
              "condition": "minecraft:entity_properties",
              "entity": "this",
              "predicate": {
                "type_specific": {
                  "type": "fishing_hook",
                  "in_open_water": true
                }
              }
            }
          ],
          "name": "minecraft:gameplay/fishing/treasure",
          "quality": 2,
          "weight": 5
        },
        {
          "type": "minecraft:loot_table",
          "name": "minecraft:gameplay/fishing/fish",
          "quality": -1,
          "weight": 85
        },
        {
          "type": "minecraft:loot_table",
          "name": "minecraft:gameplay/fishing/localized_loot",
          "quality": 1,
          "weight": 25
        },
        {
          "type": "minecraft:loot_table",
          "name": "minecraft:gameplay/fishing/junk",
          "quality": -2,
          "weight": 25
        }
      ],
      "rolls": 1.0
    }
  ]
}