{
	"type": "minecraft:entity",
	"pools": [
		{
			"rolls": 1,
			"bonus_rolls": 0,
			"entries": [
				{
					"type": "minecraft:item",
					"name": "minecraft:prismarine_shard",
					"functions": [
						{
							"function": "minecraft:set_count",
							"count": {
								"type": "minecraft:uniform",
								"min": 5,
								"max": 11
							},
							"add": false
						},
						{
							"function": "minecraft:looting_enchant",
							"count": {
								"type": "minecraft:uniform",
								"min": 0,
								"max": 1
							}
						}
					]
				}
			]
		},
		{
			"rolls": 1,
			"bonus_rolls": 0,
			"entries": [
				{
					"type": "minecraft:item",
					"weight": 2,
					"name": "minecraft:prismarine_crystals",
					"functions": [
						{
							"function": "minecraft:set_count",
							"count": {
								"min": 3,
								"max": 7
							}
						},
						{
							"function": "minecraft:looting_enchant",
							"count": {
								"type": "minecraft:uniform",
								"min": 0,
								"max": 1
							}
						}
					]
				},
				{
					"type": "minecraft:empty"
				}
			]
		},
		{
			"rolls": 1,
			"bonus_rolls": 0,
			"entries": [
				{
					"type": "minecraft:alternatives",
					"children": [
						{
							"type": "minecraft:item",
							"name": "minecraft:sponge",
							"conditions": [
								{
									"condition": "minecraft:damage_source_properties",
									"predicate": {
										"tags": [
											{
												"id": "minecraft:is_fire",
												"expected": true
											}
										]
									}
								}
							]
						},
						{
							"type": "minecraft:item",
							"name": "minecraft:wet_sponge"
						}
					]
				}
			],
			"conditions": [
				{
					"condition": "minecraft:killed_by_player"
				}
			]
		},
		{
			"rolls": 1,
			"bonus_rolls": 0,
			"entries": [
				{
					"type": "minecraft:empty",
					"weight": 2
				},
				{
					"type": "minecraft:item",
					"name": "minecraft:tide_armor_trim_smithing_template"
				}
			]
		}
	],
	"random_sequence": "minecraft:entities/elder_guardian"
}
