{
	"type": "minecraft:entity",
	"pools": [
		{
			"rolls": 1,
			"bonus_rolls": 0,
			"entries": [
				{
					"type": "minecraft:item",
					"name": "minecraft:prismarine_shard",
					"functions": [
						{
							"function": "minecraft:set_count",
							"count": {
								"type": "minecraft:uniform",
								"min": 0,
								"max": 2
							},
							"add": false
						},
						{
							"function": "minecraft:looting_enchant",
							"count": {
								"type": "minecraft:uniform",
								"min": 0,
								"max": 1
							}
						}
					]
				}
			]
		},
		{
			"rolls": 1,
			"bonus_rolls": 0,
			"entries": [
				{
					"type": "minecraft:item",
					"weight": 2,
					"name": "minecraft:prismarine_crystals",
					"functions": [
						{
							"function": "minecraft:set_count",
							"count": {
								"min": 1,
								"max": 2
							}
						},
						{
							"function": "minecraft:looting_enchant",
							"count": {
								"type": "minecraft:uniform",
								"min": 0,
								"max": 1
							}
						}
					]
				},
				{
					"type": "minecraft:empty"
				}
			]
		},
		{
			"rolls": 1,
			"entries": [
				{
					"type": "minecraft:empty",
					"weight": 99
				},
				{
					"type": "minecraft:item",
					"name": "minecraft:tide_armor_trim_smithing_template"
				}
			]
		}
	],
	"random_sequence": "minecraft:entities/guardian"
}
