{
	"type": "minecraft:entity",
	"pools": [
		{
			"rolls": 1,
			"bonus_rolls": 0,
			"entries": [
				{
					"type": "minecraft:item",
					"name": "minecraft:gold_nugget",
					"functions": [
						{
							"function": "minecraft:set_count",
							"count": {
								"type": "minecraft:uniform",
								"min": 0,
								"max": 1
							},
							"add": false
						},
						{
							"function": "minecraft:looting_enchant",
							"count": {
								"type": "minecraft:uniform",
								"min": 0,
								"max": 1
							}
						}
					]
				}
			]
		},
		{
			"rolls": 1,
			"bonus_rolls": 0,
			"entries": [
				{
					"type": "minecraft:item",
					"name": "minecraft:gold_ingot"
				}
			],
			"conditions": [
				{
					"condition": "minecraft:killed_by_player"
				},
				{
					"condition": "minecraft:random_chance_with_looting",
					"chance": 0.025,
					"looting_multiplier": 0.01
				}
			]
		}
	],
	"random_sequence": "minecraft:entities/piglin"
}
