{
	"type": "minecraft:entity",
	"pools": [
		{
			"rolls": {
				"min": 0,
				"max": 2
			},
			"bonus_rolls": 0,
			"entries": [
				{
					"type": "minecraft:item",
					"weight": 2,
					"name": "minecraft:emerald",
					"functions": [
						{
							"function": "minecraft:set_count",
							"count": {
								"type": "minecraft:uniform",
								"min": -1,
								"max": 1
							}
						}
					]
				},
				{
					"type": "minecraft:item",
					"weight": 4,
					"name": "minecraft:wheat_seeds",
					"functions": [
						{
							"function": "minecraft:set_count",
							"count": {
								"min": 1,
								"max": 2
							}
						}
					]
				},
				{
					"type": "minecraft:empty",
					"weight": 3
				},
				{
					"type": "minecraft:item",
					"weight": 6,
					"name": "minecraft:stick",
					"functions": [
						{
							"function": "minecraft:set_count",
							"count": {
								"min": 1,
								"max": 2
							}
						}
					]
				}
			]
		}
	]
}
