{
	"type": "minecraft:gift",
	"pools": [
		{
			"rolls": 1,
			"bonus_rolls": 0,
			"entries": [
				{
					"type": "minecraft:item",
					"weight": 10,
					"name": "minecraft:rabbit_hide"
				},
				{
					"type": "minecraft:item",
					"weight": 12,
					"name": "minecraft:rabbit_foot"
				},
				{
					"type": "minecraft:item",
					"weight": 10,
					"name": "minecraft:chicken"
				},
				{
					"type": "minecraft:item",
					"weight": 10,
					"name": "minecraft:feather"
				},
				{
					"type": "minecraft:item",
					"weight": 10,
					"name": "minecraft:rotten_flesh"
				},
				{
					"type": "minecraft:item",
					"weight": 10,
					"name": "minecraft:string"
				},
				{
					"type": "minecraft:item",
					"weight": 7,
					"name": "minecraft:phantom_membrane"
				},
				{
					"type": "minecraft:item",
					"weight": 10,
					"name": "minecraft:rabbit"
				},
				{
					"type": "minecraft:item",
					"weight": 7,
					"name": "minecraft:gunpowder"
				}
			]
		}
	],
	"random_sequence": "minecraft:gameplay/cat_morning_gift"
}
