{
  "type": "minecraft:generic",
  "pools": [
    {
      "rolls": 1,
      "entries": [
        {
          "type": "minecraft:alternatives",
          "children": [
            {
              "type": "minecraft:loot_table",
              "name": "simplexity:gameplay/fishing/lush_caves",
              "conditions": [
                {
                  "condition": "minecraft:location_check",
                  "predicate": {
                    "biome": "minecraft:lush_caves"
                  }
                }
              ]
            }
          ]
        },
        {
          "type": "minecraft:alternatives",
          "children": [
            {
              "type": "minecraft:loot_table",
              "name": "simplexity:gameplay/fishing/river_biomes",
              "conditions": [
                {
                  "condition": "minecraft:any_of",
                  "terms": [
                    {
                      "condition": "minecraft:location_check",
                      "predicate": {
                        "biome": "minecraft:river"
                      }
                    },
                    {
                      "condition": "minecraft:location_check",
                      "predicate": {
                        "biome": "minecraft:frozen_river"
                      }
                    }
                  ]
                }
              ]
            }
          ]
        },
        {
          "type": "minecraft:alternatives",
          "children": [
            {
              "type": "minecraft:loot_table",
              "name": "simplexity:gameplay/fishing/cave_biomes",
              "conditions": [
                {
                  "condition": "minecraft:any_of",
                  "terms": [
                    {
                      "condition": "minecraft:location_check",
                      "predicate": {
                        "biome": "minecraft:dripstone_caves"
                      }
                    }
                  ]
                }
              ]
            }
          ]
        },
        {
          "type": "minecraft:alternatives",
          "children": [
            {
              "type": "minecraft:loot_table",
              "name": "simplexity:gameplay/fishing/deep_dark",
              "conditions": [
                {
                  "condition": "minecraft:location_check",
                  "predicate": {
                    "biome": "minecraft:deep_dark"
                  }
                }
              ]
            }
          ]
        },
        {
          "type": "minecraft:alternatives",
          "children": [
            {
              "type": "minecraft:loot_table",
              "name": "simplexity:gameplay/fishing/flower_forests",
              "conditions": [
                {
                  "condition": "minecraft:any_of",
                  "terms": [
                    {
                      "condition": "minecraft:location_check",
                      "predicate": {
                        "biome": "minecraft:flower_forest"
                      }
                    },
                    {
                      "condition": "minecraft:location_check",
                      "predicate": {
                        "biome": "minecraft:sunflower_plains"
                      }
                    },
                    {
                      "condition": "minecraft:location_check",
                      "predicate": {
                        "biome": "minecraft:meadow"
                      }
                    },
                    {
                      "condition": "minecraft:location_check",
                      "predicate": {
                        "biome": "minecraft:cherry_grove"
                      }
                    }
                  ]
                }
              ]
            }
          ]
        },
        {
          "type": "minecraft:alternatives",
          "children": [
            {
              "type": "minecraft:loot_table",
              "name": "simplexity:gameplay/fishing/snow_biomes",
              "conditions": [
                {
                  "condition": "minecraft:any_of",
                  "terms": [
                    {
                      "condition": "minecraft:location_check",
                      "predicate": {
                        "biome": "minecraft:snowy_beach"
                      }
                    },
                    {
                      "condition": "minecraft:location_check",
                      "predicate": {
                        "biome": "minecraft:snowy_plains"
                      }
                    },
                    {
                      "condition": "minecraft:location_check",
                      "predicate": {
                        "biome": "minecraft:snowy_slopes"
                      }
                    },
                    {
                      "condition": "minecraft:location_check",
                      "predicate": {
                        "biome": "minecraft:snowy_taiga"
                      }
                    },
                    {
                      "condition": "minecraft:location_check",
                      "predicate": {
                        "biome": "minecraft:frozen_river"
                      }
                    },
                    {
                      "condition": "minecraft:location_check",
                      "predicate": {
                        "biome": "minecraft:deep_frozen_ocean"
                      }
                    },
                    {
                      "condition": "minecraft:location_check",
                      "predicate": {
                        "biome": "minecraft:frozen_ocean"
                      }
                    },
                    {
                      "condition": "minecraft:location_check",
                      "predicate": {
                        "biome": "minecraft:frozen_peaks"
                      }
                    },
                    {
                      "condition": "minecraft:location_check",
                      "predicate": {
                        "biome": "minecraft:ice_spikes"
                      }
                    },
                    {
                      "condition": "minecraft:location_check",
                      "predicate": {
                        "biome": "minecraft:grove"
                      }
                    },
                    {
                      "condition": "minecraft:location_check",
                      "predicate": {
                        "biome": "minecraft:jagged_peaks"
                      }
                    }
                  ]
                }
              ]
            }
          ]
        },
        {
          "type": "minecraft:alternatives",
          "children": [
            {
              "type": "minecraft:loot_table",
              "name": "simplexity:gameplay/fishing/desert_biomes",
              "conditions": [
                {
                  "condition": "minecraft:any_of",
                  "terms": [
                    {
                      "condition": "minecraft:location_check",
                      "predicate": {
                        "biome": "minecraft:desert"
                      }
                    },
                    {
                      "condition": "minecraft:location_check",
                      "predicate": {
                        "biome": "minecraft:savanna"
                      }
                    },
                    {
                      "condition": "minecraft:location_check",
                      "predicate": {
                        "biome": "minecraft:savanna_plateau"
                      }
                    },
                    {
                      "condition": "minecraft:location_check",
                      "predicate": {
                        "biome": "minecraft:windswept_savanna"
                      }
                    },
                    {
                      "condition": "minecraft:location_check",
                      "predicate": {
                        "biome": "minecraft:badlands"
                      }
                    },
                    {
                      "condition": "minecraft:location_check",
                      "predicate": {
                        "biome": "minecraft:eroded_badlands"
                      }
                    },
                    {
                      "condition": "minecraft:location_check",
                      "predicate": {
                        "biome": "minecraft:wooded_badlands"
                      }
                    }
                  ]
                }
              ]
            }
          ]
        },
        {
          "type": "minecraft:alternatives",
          "children": [
            {
              "type": "minecraft:loot_table",
              "name": "simplexity:gameplay/fishing/swamp_biomes",
              "conditions": [
                {
                  "condition": "minecraft:any_of",
                  "terms": [
                    {
                      "condition": "minecraft:location_check",
                      "predicate": {
                        "biome": "minecraft:mangrove_swamp"
                      }
                    },
                    {
                      "condition": "minecraft:location_check",
                      "predicate": {
                        "biome": "minecraft:swamp"
                      }
                    }
                  ]
                }
              ]
            }
          ]
        },
        {
          "type": "minecraft:alternatives",
          "children": [
            {
              "type": "minecraft:loot_table",
              "name": "simplexity:gameplay/fishing/mountain_biomes",
              "conditions": [
                {
                  "condition": "minecraft:any_of",
                  "terms": [
                    {
                      "condition": "minecraft:location_check",
                      "predicate": {
                        "biome": "minecraft:grove"
                      }
                    },
                    {
                      "condition": "minecraft:location_check",
                      "predicate": {
                        "biome": "minecraft:snowy_slopes"
                      }
                    },
                    {
                      "condition": "minecraft:location_check",
                      "predicate": {
                        "biome": "minecraft:jagged_peaks"
                      }
                    },
                    {
                      "condition": "minecraft:location_check",
                      "predicate": {
                        "biome": "minecraft:frozen_peaks"
                      }
                    },
                    {
                      "condition": "minecraft:location_check",
                      "predicate": {
                        "biome": "minecraft:windswept_savanna"
                      }
                    },
                    {
                      "condition": "minecraft:location_check",
                      "predicate": {
                        "biome": "minecraft:savanna_plateau"
                      }
                    },
                    {
                      "condition": "minecraft:location_check",
                      "predicate": {
                        "biome": "minecraft:windswept_hills"
                      }
                    },
                    {
                      "condition": "minecraft:location_check",
                      "predicate": {
                        "biome": "minecraft:windswept_gravelly_hills"
                      }
                    },
                    {
                      "condition": "minecraft:location_check",
                      "predicate": {
                        "biome": "minecraft:windswept_forest"
                      }
                    },
                    {
                      "condition": "minecraft:location_check",
                      "predicate": {
                        "biome": "minecraft:stony_shore"
                      }
                    }
                  ]
                }
              ]
            }
          ]
        },
        {
          "type": "minecraft:alternatives",
          "children": [
            {
              "type": "minecraft:loot_table",
              "name": "simplexity:gameplay/fishing/plains_biomes",
              "conditions": [
                {
                  "condition": "minecraft:any_of",
                  "terms": [
                    {
                      "condition": "minecraft:location_check",
                      "predicate": {
                        "biome": "minecraft:plains"
                      }
                    },
                    {
                      "condition": "minecraft:location_check",
                      "predicate": {
                        "biome": "minecraft:forest"
                      }
                    },
                    {
                      "condition": "minecraft:location_check",
                      "predicate": {
                        "biome": "minecraft:birch_forest"
                      }
                    },
                    {
                      "condition": "minecraft:location_check",
                      "predicate": {
                        "biome": "minecraft:old_growth_birch_forest"
                      }
                    }
                  ]
                }
              ]
            }
          ]
        },
        {
          "type": "minecraft:alternatives",
          "children": [
            {
              "type": "minecraft:loot_table",
              "name": "simplexity:gameplay/fishing/end_biomes",
              "conditions": [
                {
                  "condition": "minecraft:location_check",
                  "predicate": {
                    "dimension": "minecraft:the_end"
                  }
                }
              ]
            }
          ]
        },
        {
          "type": "minecraft:alternatives",
          "children": [
            {
              "type": "minecraft:loot_table",
              "name": "simplexity:gameplay/fishing/dark_forest_biomes",
              "conditions": [
                {
                  "condition": "minecraft:any_of",
                  "terms": [
                    {
                      "condition": "minecraft:location_check",
                      "predicate": {
                        "biome": "minecraft:dark_forest"
                      }
                    },
                    {
                      "condition": "minecraft:location_check",
                      "predicate": {
                        "biome": "minecraft:old_growth_pine_taiga"
                      }
                    },
                    {
                      "condition": "minecraft:location_check",
                      "predicate": {
                        "biome": "minecraft:old_growth_spruce_taiga"
                      }
                    },
                    {
                      "condition": "minecraft:location_check",
                      "predicate": {
                        "biome": "minecraft:taiga"
                      }
                    },
                    {
                      "condition": "minecraft:location_check",
                      "predicate": {
                        "biome": "minecraft:mushroom_fields"
                      }
                    }
                  ]
                }
              ]
            }
          ]
        },
        {
          "type": "minecraft:alternatives",
          "children": [
            {
              "type": "minecraft:loot_table",
              "name": "simplexity:gameplay/fishing/mushroom_biomes",
              "conditions": [
                {
                  "condition": "minecraft:any_of",
                  "terms": [
                    {
                      "condition": "minecraft:location_check",
                      "predicate": {
                        "biome": "minecraft:mushroom_fields"
                      }
                    }
                  ]
                }
              ]
            }
          ]
        },
        {
          "type": "minecraft:alternatives",
          "children": [
            {
              "type": "minecraft:loot_table",
              "name": "simplexity:gameplay/fishing/ocean_biomes",
              "conditions": [
                {
                  "condition": "minecraft:any_of",
                  "terms": [
                    {
                      "condition": "minecraft:location_check",
                      "predicate": {
                        "biome": "minecraft:cold_ocean"
                      }
                    },
                    {
                      "condition": "minecraft:location_check",
                      "predicate": {
                        "biome": "minecraft:deep_cold_ocean"
                      }
                    },
                    {
                      "condition": "minecraft:location_check",
                      "predicate": {
                        "biome": "minecraft:deep_frozen_ocean"
                      }
                    },
                    {
                      "condition": "minecraft:location_check",
                      "predicate": {
                        "biome": "minecraft:deep_lukewarm_ocean"
                      }
                    },
                    {
                      "condition": "minecraft:location_check",
                      "predicate": {
                        "biome": "minecraft:deep_ocean"
                      }
                    },
                    {
                      "condition": "minecraft:location_check",
                      "predicate": {
                        "biome": "minecraft:frozen_ocean"
                      }
                    },
                    {
                      "condition": "minecraft:location_check",
                      "predicate": {
                        "biome": "minecraft:lukewarm_ocean"
                      }
                    },
                    {
                      "condition": "minecraft:location_check",
                      "predicate": {
                        "biome": "minecraft:ocean"
                      }
                    },
                    {
                      "condition": "minecraft:location_check",
                      "predicate": {
                        "biome": "minecraft:warm_ocean"
                      }
                    },
                    {
                      "condition": "minecraft:location_check",
                      "predicate": {
                        "biome": "minecraft:beach"
                      }
                    }
                  ]
                }
              ]
            }
          ]
        },
        {
          "type": "minecraft:alternatives",
          "children": [
            {
              "type": "minecraft:loot_table",
              "name": "simplexity:gameplay/fishing/jungle_biomes",
              "conditions": [
                {
                  "condition": "minecraft:any_of",
                  "terms": [
                    {
                      "condition": "minecraft:location_check",
                      "predicate": {
                        "biome": "minecraft:bamboo_jungle"
                      }
                    },
                    {
                      "condition": "minecraft:location_check",
                      "predicate": {
                        "biome": "minecraft:jungle"
                      }
                    },
                    {
                      "condition": "minecraft:location_check",
                      "predicate": {
                        "biome": "minecraft:sparse_jungle"
                      }
                    }
                  ]
                }
              ]
            }
          ]
        },
        {
          "type": "minecraft:loot_table",
          "name": "simplexity:gameplay/fishing/misc_biomes"
        }
      ]
    }
  ]
}
